scenario,description,lp_initial_capital,years_modelled,lp_hurdle_moic,lp_hurdle_amount,lp_cash_distributions,lp_cash_moic,lp_economic_moic,lp_irr,lp_cash_irr,lp_economic_irr,gp_cash_irr_if_co_investment,gp_total_value_multiple_if_co_investment,lp_hurdle_achieved,year_hurdle_achieved,liquidity_constrained,final_fund_nav,gp_cumulative_fees,gp_residual_nav,gp_total_economics,gp_residual_nav_pct_initial_lp_capital,gp_total_economics_pct_initial_lp_capital,gp_cumulative_fees_first_n_years,gp_average_annual_fees_first_n_years,gp_survivability_risk,years_with_zero_lp_distribution,years_with_distribution_below_target_yield,longest_zero_distribution_streak,longest_below_target_yield_streak,years_until_first_distribution,lp_time_under_1x_cash_moic,lp_time_under_1x_economic_moic,lp_final_unrecovered_hurdle,lp_redeemed_by_model_end,primary_flag,all_flags
hf_allocation_sensitivity__base_hit_everyone_happy__hf_20,"Tests whether larger hedge fund sleeve allocations make LP redemption more realistic. | LP reaches 2.0x in a reasonable period; GP retains meaningful residual assets. | 20% HF, 75% RE, 5% reserve.",10000000.0,8,2.0,20000000.0,5439867.849409814,0.5439867849409814,2.0,-0.11171365176395032,-0.11171365176395032,0.10490280383543871,,,False,,True,15138090.245169157,248784.10902355966,0.0,248784.10902355966,0.0,0.024878410902355968,146240.70911999998,29248.141824,True,0,0,0,0,1,8,0,14560132.150590185,False,HURDLE_REACHED_BUT_LIQUIDITY_CONSTRAINED,LP_HURDLE_NOT_ACHIEVED; HURDLE_REACHED_BUT_LIQUIDITY_CONSTRAINED; SLOW_TIME_HORIZON_DRIFT; GP_SURVIVABILITY_RISK; LP_STILL_BELOW_1X_CASH_MOIC_AT_END; LP_EXPERIENCE_WEAK_DESPITE_POSITIVE_NAV
hf_allocation_sensitivity__base_hit_everyone_happy__hf_30,"Tests whether larger hedge fund sleeve allocations make LP redemption more realistic. | LP reaches 2.0x in a reasonable period; GP retains meaningful residual assets. | 30% HF, 65% RE, 5% reserve.",10000000.0,8,2.0,20000000.0,4714552.136155171,0.4714552136155171,2.0,-0.1345648066627424,-0.1345648066627424,0.10276113757625471,,,False,,True,15956432.378328685,215612.89448708508,0.0,215612.89448708508,0.0,0.02156128944870851,126741.947904,25348.3895808,True,0,0,0,0,1,8,0,15285447.863844829,False,HURDLE_REACHED_BUT_LIQUIDITY_CONSTRAINED,LP_HURDLE_NOT_ACHIEVED; HURDLE_REACHED_BUT_LIQUIDITY_CONSTRAINED; SLOW_TIME_HORIZON_DRIFT; GP_SURVIVABILITY_RISK; LP_STILL_BELOW_1X_CASH_MOIC_AT_END; LP_EXPERIENCE_WEAK_DESPITE_POSITIVE_NAV
hf_allocation_sensitivity__base_hit_everyone_happy__hf_40,"Tests whether larger hedge fund sleeve allocations make LP redemption more realistic. | LP reaches 2.0x in a reasonable period; GP retains meaningful residual assets. | 40% HF, 55% RE, 5% reserve.",10000000.0,8,2.0,20000000.0,3989236.4229005296,0.39892364229005295,2.0,-0.1599187656807789,-0.1599187656807789,0.10069332372727047,,,False,,True,16774774.51148821,182441.67995061044,0.0,182441.67995061044,0.0,0.018244167995061043,107243.186688,21448.6373376,True,0,0,0,0,1,8,0,16010763.57709947,False,HURDLE_REACHED_BUT_LIQUIDITY_CONSTRAINED,LP_HURDLE_NOT_ACHIEVED; HURDLE_REACHED_BUT_LIQUIDITY_CONSTRAINED; SLOW_TIME_HORIZON_DRIFT; GP_SURVIVABILITY_RISK; LP_STILL_BELOW_1X_CASH_MOIC_AT_END; LP_EXPERIENCE_WEAK_DESPITE_POSITIVE_NAV
hf_allocation_sensitivity__fast_success_crypto_bull__hf_20,"Tests whether larger hedge fund sleeve allocations make LP redemption more realistic. | Crypto sleeve accelerates LP 2.0x outcome quickly; tests GP convexity and fairness optics. | 20% HF, 75% RE, 5% reserve.",10000000.0,5,2.0,20000000.0,2773034.3001272483,0.27730343001272484,2.0,-0.3101493552359951,-0.3101493552359951,0.15977753684822305,,,False,,True,21101555.55725,131401.1112975,0.0,131401.1112975,0.0,0.01314011112975,131401.1112975,26280.2222595,True,0,0,0,0,1,5,0,17226965.69987275,False,HURDLE_REACHED_BUT_LIQUIDITY_CONSTRAINED,LP_HURDLE_NOT_ACHIEVED; HURDLE_REACHED_BUT_LIQUIDITY_CONSTRAINED; SLOW_TIME_HORIZON_DRIFT; GP_SURVIVABILITY_RISK; LP_STILL_BELOW_1X_CASH_MOIC_AT_END; LP_EXPERIENCE_WEAK_DESPITE_POSITIVE_NAV
hf_allocation_sensitivity__fast_success_crypto_bull__hf_30,"Tests whether larger hedge fund sleeve allocations make LP redemption more realistic. | Crypto sleeve accelerates LP 2.0x outcome quickly; tests GP convexity and fairness optics. | 30% HF, 65% RE, 5% reserve.",10000000.0,4,2.0,20000000.0,20000000.0,2.0,2.0,0.198109172099038,0.198109172099038,0.198109172099038,,,True,4.0,True,6698925.268218279,89738.79914999999,6698925.268218279,6788664.067368279,0.6698925268218279,0.678866406736828,89738.79914999999,22434.699787499998,True,0,0,0,0,1,3,0,0.0,True,FAST_GP_DYNASTY_OUTCOME,LP_HURDLE_ACHIEVED; HURDLE_REACHED_BUT_LIQUIDITY_CONSTRAINED; FAST_GP_DYNASTY_OUTCOME; GP_SURVIVABILITY_RISK; HF_MAJOR_DRAWDOWN
hf_allocation_sensitivity__fast_success_crypto_bull__hf_40,"Tests whether larger hedge fund sleeve allocations make LP redemption more realistic. | Crypto sleeve accelerates LP 2.0x outcome quickly; tests GP convexity and fairness optics. | 40% HF, 55% RE, 5% reserve.",10000000.0,2,2.0,20000000.0,20000000.0,2.0,2.0,0.4196459815150677,0.4196459815150677,0.4196459815150677,,,True,2.0,False,5087586.5,36844.5,5087586.5,5124431.0,0.50875865,0.5124431,36844.5,18422.25,True,0,0,0,0,1,1,0,0.0,True,FAST_GP_DYNASTY_OUTCOME,LP_HURDLE_ACHIEVED; FAST_GP_DYNASTY_OUTCOME; GP_SURVIVABILITY_RISK; HF_MAJOR_DRAWDOWN
hf_allocation_sensitivity__exceptional_dynasty_outcome__hf_20,"Tests whether larger hedge fund sleeve allocations make LP redemption more realistic. | Both sleeves perform strongly; LP receives excellent return and GP retains very large residual value. | 20% HF, 75% RE, 5% reserve.",10000000.0,7,2.0,20000000.0,20000000.0,2.0,2.0,0.1215469614776108,0.1215469614776108,0.1215469614776108,,,True,7.0,True,11310127.046890294,260991.99827251205,11310127.046890294,11571119.045162806,1.1310127046890295,1.1571119045162805,171598.07808000004,34319.61561600001,True,0,0,0,0,1,6,0,0.0,True,LP_GOOD_IRR_GP_LARGE_RESIDUAL,LP_HURDLE_ACHIEVED; HURDLE_REACHED_BUT_LIQUIDITY_CONSTRAINED; GP_SURVIVABILITY_RISK; HF_MAJOR_DRAWDOWN; LP_GOOD_IRR_GP_LARGE_RESIDUAL
hf_allocation_sensitivity__exceptional_dynasty_outcome__hf_30,"Tests whether larger hedge fund sleeve allocations make LP redemption more realistic. | Both sleeves perform strongly; LP receives excellent return and GP retains very large residual value. | 30% HF, 65% RE, 5% reserve.",10000000.0,5,2.0,20000000.0,20000000.0,2.0,2.0,0.16129870763582366,0.16129870763582366,0.16129870763582366,,,True,5.0,True,7965646.9874462485,148718.33433600003,7965646.9874462485,8114365.321782248,0.7965646987446249,0.8114365321782248,148718.33433600003,29743.666867200005,True,0,0,0,0,1,4,0,0.0,True,LP_HURDLE_ACHIEVED,LP_HURDLE_ACHIEVED; HURDLE_REACHED_BUT_LIQUIDITY_CONSTRAINED; GP_SURVIVABILITY_RISK; HF_MAJOR_DRAWDOWN
hf_allocation_sensitivity__exceptional_dynasty_outcome__hf_40,"Tests whether larger hedge fund sleeve allocations make LP redemption more realistic. | Both sleeves perform strongly; LP receives excellent return and GP retains very large residual value. | 40% HF, 55% RE, 5% reserve.",10000000.0,4,2.0,20000000.0,20000000.0,2.0,2.0,0.19881401975360857,0.19881401975360857,0.19881401975360857,,,True,4.0,True,6978866.69231104,96656.1024,6978866.69231104,7075522.79471104,0.697886669231104,0.707552279471104,96656.1024,24164.0256,True,0,0,0,0,1,3,0,0.0,True,FAST_GP_DYNASTY_OUTCOME,LP_HURDLE_ACHIEVED; HURDLE_REACHED_BUT_LIQUIDITY_CONSTRAINED; FAST_GP_DYNASTY_OUTCOME; GP_SURVIVABILITY_RISK; HF_MAJOR_DRAWDOWN
hf_harvest_sensitivity__base_hit_everyone_happy__harvest_25,Tests whether harvesting positive HF returns into retained cash improves redemption liquidity. | LP reaches 2.0x in a reasonable period; GP retains meaningful residual assets. | Harvest 25% of positive HF gains into retained cash.,10000000.0,8,2.0,20000000.0,6165183.562664455,0.6165183562664455,2.0,-0.09078424270460261,-0.09078424270460261,0.10712155775795451,,,False,,True,14217336.56516894,281955.3235600343,0.0,281955.3235600343,0.0,0.028195532356003427,165739.470336,33147.8940672,True,0,0,0,0,1,8,0,13834816.437335545,False,HURDLE_REACHED_BUT_LIQUIDITY_CONSTRAINED,LP_HURDLE_NOT_ACHIEVED; HURDLE_REACHED_BUT_LIQUIDITY_CONSTRAINED; SLOW_TIME_HORIZON_DRIFT; GP_SURVIVABILITY_RISK; LP_STILL_BELOW_1X_CASH_MOIC_AT_END; LP_EXPERIENCE_WEAK_DESPITE_POSITIVE_NAV
hf_harvest_sensitivity__base_hit_everyone_happy__harvest_50,Tests whether harvesting positive HF returns into retained cash improves redemption liquidity. | LP reaches 2.0x in a reasonable period; GP retains meaningful residual assets. | Harvest 50% of positive HF gains into retained cash.,10000000.0,8,2.0,20000000.0,6165183.562664455,0.6165183562664455,2.0,-0.09078424270460261,-0.09078424270460261,0.10712155775795451,,,False,,True,14124215.117844427,281955.3235600343,0.0,281955.3235600343,0.0,0.028195532356003427,165739.470336,33147.8940672,True,0,0,0,0,1,8,0,13834816.437335545,False,HURDLE_REACHED_BUT_LIQUIDITY_CONSTRAINED,LP_HURDLE_NOT_ACHIEVED; HURDLE_REACHED_BUT_LIQUIDITY_CONSTRAINED; SLOW_TIME_HORIZON_DRIFT; GP_SURVIVABILITY_RISK; LP_STILL_BELOW_1X_CASH_MOIC_AT_END; LP_EXPERIENCE_WEAK_DESPITE_POSITIVE_NAV
hf_harvest_sensitivity__base_hit_everyone_happy__harvest_75,Tests whether harvesting positive HF returns into retained cash improves redemption liquidity. | LP reaches 2.0x in a reasonable period; GP retains meaningful residual assets. | Harvest 75% of positive HF gains into retained cash.,10000000.0,8,2.0,20000000.0,6165183.562664455,0.6165183562664455,2.0,-0.09078424270460261,-0.09078424270460261,0.10712155775795451,,,False,,True,14039619.165100068,281955.3235600343,0.0,281955.3235600343,0.0,0.028195532356003427,165739.470336,33147.8940672,True,0,0,0,0,1,8,0,13834816.437335545,False,HURDLE_REACHED_BUT_LIQUIDITY_CONSTRAINED,LP_HURDLE_NOT_ACHIEVED; HURDLE_REACHED_BUT_LIQUIDITY_CONSTRAINED; SLOW_TIME_HORIZON_DRIFT; GP_SURVIVABILITY_RISK; LP_STILL_BELOW_1X_CASH_MOIC_AT_END; LP_EXPERIENCE_WEAK_DESPITE_POSITIVE_NAV
hf_harvest_sensitivity__fast_success_crypto_bull__harvest_25,Tests whether harvesting positive HF returns into retained cash improves redemption liquidity. | Crypto sleeve accelerates LP 2.0x outcome quickly; tests GP convexity and fairness optics. | Harvest 25% of positive HF gains into retained cash.,10000000.0,5,2.0,20000000.0,3142772.2068108814,0.31427722068108815,1.877493308836088,-0.28678221551607164,-0.28678221551607164,0.1461720515133409,,,False,,False,15632160.88155,148921.2594705,0.0,148921.2594705,0.0,0.01489212594705,148921.2594705,29784.251894099998,True,0,0,0,0,1,5,0,16857227.79318912,False,LP_HURDLE_NOT_ACHIEVED,LP_HURDLE_NOT_ACHIEVED; SLOW_TIME_HORIZON_DRIFT; GP_SURVIVABILITY_RISK; LP_STILL_BELOW_1X_CASH_MOIC_AT_END; LP_EXPERIENCE_WEAK_DESPITE_POSITIVE_NAV
hf_harvest_sensitivity__fast_success_crypto_bull__harvest_50,Tests whether harvesting positive HF returns into retained cash improves redemption liquidity. | Crypto sleeve accelerates LP 2.0x outcome quickly; tests GP convexity and fairness optics. | Harvest 50% of positive HF gains into retained cash.,10000000.0,5,2.0,20000000.0,3142772.2068108814,0.31427722068108815,1.815947058836088,-0.28678221551607164,-0.28678221551607164,0.13820972099170414,,,False,,False,15016698.38155,148921.2594705,0.0,148921.2594705,0.0,0.01489212594705,148921.2594705,29784.251894099998,True,0,0,0,0,1,5,0,16857227.79318912,False,LP_HURDLE_NOT_ACHIEVED,LP_HURDLE_NOT_ACHIEVED; SLOW_TIME_HORIZON_DRIFT; GP_SURVIVABILITY_RISK; LP_STILL_BELOW_1X_CASH_MOIC_AT_END; LP_EXPERIENCE_WEAK_DESPITE_POSITIVE_NAV
hf_harvest_sensitivity__fast_success_crypto_bull__harvest_75,Tests whether harvesting positive HF returns into retained cash improves redemption liquidity. | Crypto sleeve accelerates LP 2.0x outcome quickly; tests GP convexity and fairness optics. | Harvest 75% of positive HF gains into retained cash.,10000000.0,5,2.0,20000000.0,3142772.2068108814,0.31427722068108815,1.760093465086088,-0.28678221551607164,-0.28678221551607164,0.13077588333971923,,,False,,False,14458162.44405,148921.2594705,0.0,148921.2594705,0.0,0.01489212594705,148921.2594705,29784.251894099998,True,0,0,0,0,1,5,0,16857227.79318912,False,LP_HURDLE_NOT_ACHIEVED,LP_HURDLE_NOT_ACHIEVED; SLOW_TIME_HORIZON_DRIFT; GP_SURVIVABILITY_RISK; LP_STILL_BELOW_1X_CASH_MOIC_AT_END; LP_EXPERIENCE_WEAK_DESPITE_POSITIVE_NAV
hf_harvest_sensitivity__exceptional_dynasty_outcome__harvest_25,Tests whether harvesting positive HF returns into retained cash improves redemption liquidity. | Both sleeves perform strongly; LP receives excellent return and GP retains very large residual value. | Harvest 25% of positive HF gains into retained cash.,10000000.0,9,2.0,20000000.0,20000000.0,2.0,2.0,0.10410616496000924,0.10410616496000924,0.10410616496000924,,,True,9.0,True,13534671.970613766,413962.5423563991,13534671.970613766,13948634.512970166,1.3534671970613767,1.3948634512970166,194477.821824,38895.564364800004,True,0,0,0,0,1,8,0,0.0,True,LP_HURDLE_ACHIEVED,LP_HURDLE_ACHIEVED; HURDLE_REACHED_BUT_LIQUIDITY_CONSTRAINED; SLOW_TIME_HORIZON_DRIFT; GP_SURVIVABILITY_RISK; HF_MAJOR_DRAWDOWN
hf_harvest_sensitivity__exceptional_dynasty_outcome__harvest_50,Tests whether harvesting positive HF returns into retained cash improves redemption liquidity. | Both sleeves perform strongly; LP receives excellent return and GP retains very large residual value. | Harvest 50% of positive HF gains into retained cash.,10000000.0,10,2.0,20000000.0,20000000.0,2.0,2.0,0.09812186651590604,0.09812186651590604,0.09812186651590604,,,True,10.0,True,16150046.133328423,480229.54574491107,16150046.133328423,16630275.679073334,1.6150046133328424,1.6630275679073334,194477.821824,38895.564364800004,True,0,0,0,0,1,8,0,0.0,True,LP_HURDLE_ACHIEVED,LP_HURDLE_ACHIEVED; HURDLE_REACHED_BUT_LIQUIDITY_CONSTRAINED; SLOW_TIME_HORIZON_DRIFT; GP_SURVIVABILITY_RISK; HF_MAJOR_DRAWDOWN
hf_harvest_sensitivity__exceptional_dynasty_outcome__harvest_75,Tests whether harvesting positive HF returns into retained cash improves redemption liquidity. | Both sleeves perform strongly; LP receives excellent return and GP retains very large residual value. | Harvest 75% of positive HF gains into retained cash.,10000000.0,10,2.0,20000000.0,20000000.0,2.0,2.0,0.09812186651590604,0.09812186651590604,0.09812186651590604,,,True,10.0,True,15298044.107867375,480229.54574491107,15298044.107867375,15778273.653612286,1.5298044107867375,1.5778273653612287,194477.821824,38895.564364800004,True,0,0,0,0,1,8,0,0.0,True,LP_HURDLE_ACHIEVED,LP_HURDLE_ACHIEVED; HURDLE_REACHED_BUT_LIQUIDITY_CONSTRAINED; SLOW_TIME_HORIZON_DRIFT; GP_SURVIVABILITY_RISK; HF_MAJOR_DRAWDOWN
lp_hurdle_sensitivity__base_hit_everyone_happy__hurdle_1_50x,Tests where the LP hurdle becomes economically balanced. | LP reaches 2.0x in a reasonable period; GP retains meaningful residual assets. | LP hurdle reduced to 1.50x.,10000000.0,8,1.5,15000000.0,6165183.562664455,0.6165183562664455,1.5,-0.09078424270460261,-0.09078424270460261,0.06384545741388115,,,False,,True,14319748.112009628,281955.3235600343,0.0,281955.3235600343,0.0,0.028195532356003427,165739.470336,33147.8940672,True,0,0,0,0,1,8,0,8834816.437335545,False,HURDLE_REACHED_BUT_LIQUIDITY_CONSTRAINED,LP_HURDLE_NOT_ACHIEVED; HURDLE_REACHED_BUT_LIQUIDITY_CONSTRAINED; SLOW_TIME_HORIZON_DRIFT; GP_SURVIVABILITY_RISK; LP_STILL_BELOW_1X_CASH_MOIC_AT_END; LP_EXPERIENCE_WEAK_DESPITE_POSITIVE_NAV
lp_hurdle_sensitivity__base_hit_everyone_happy__hurdle_1_75x,Tests where the LP hurdle becomes economically balanced. | LP reaches 2.0x in a reasonable period; GP retains meaningful residual assets. | LP hurdle reduced to 1.75x.,10000000.0,8,1.75,17500000.0,6165183.562664455,0.6165183562664455,1.75,-0.09078424270460261,-0.09078424270460261,0.08713376221204361,,,False,,True,14319748.112009628,281955.3235600343,0.0,281955.3235600343,0.0,0.028195532356003427,165739.470336,33147.8940672,True,0,0,0,0,1,8,0,11334816.437335545,False,HURDLE_REACHED_BUT_LIQUIDITY_CONSTRAINED,LP_HURDLE_NOT_ACHIEVED; HURDLE_REACHED_BUT_LIQUIDITY_CONSTRAINED; SLOW_TIME_HORIZON_DRIFT; GP_SURVIVABILITY_RISK; LP_STILL_BELOW_1X_CASH_MOIC_AT_END; LP_EXPERIENCE_WEAK_DESPITE_POSITIVE_NAV
lp_hurdle_sensitivity__base_hit_everyone_happy__hurdle_2_00x,Tests where the LP hurdle becomes economically balanced. | LP reaches 2.0x in a reasonable period; GP retains meaningful residual assets. | Baseline 2.00x LP hurdle.,10000000.0,8,2.0,20000000.0,6165183.562664455,0.6165183562664455,2.0,-0.09078424270460261,-0.09078424270460261,0.10712155775795451,,,False,,True,14319748.112009628,281955.3235600343,0.0,281955.3235600343,0.0,0.028195532356003427,165739.470336,33147.8940672,True,0,0,0,0,1,8,0,13834816.437335545,False,HURDLE_REACHED_BUT_LIQUIDITY_CONSTRAINED,LP_HURDLE_NOT_ACHIEVED; HURDLE_REACHED_BUT_LIQUIDITY_CONSTRAINED; SLOW_TIME_HORIZON_DRIFT; GP_SURVIVABILITY_RISK; LP_STILL_BELOW_1X_CASH_MOIC_AT_END; LP_EXPERIENCE_WEAK_DESPITE_POSITIVE_NAV
lp_hurdle_sensitivity__fast_success_crypto_bull__hurdle_1_50x,Tests where the LP hurdle becomes economically balanced. | Crypto sleeve accelerates LP 2.0x outcome quickly; tests GP convexity and fairness optics. | LP hurdle reduced to 1.50x.,10000000.0,5,1.5,15000000.0,3142772.2068108814,0.31427722068108815,1.5,-0.28678221551607164,-0.28678221551607164,0.09313539341360744,,,False,,True,16307329.63155,148921.2594705,0.0,148921.2594705,0.0,0.01489212594705,148921.2594705,29784.251894099998,True,0,0,0,0,1,5,0,11857227.79318912,False,HURDLE_REACHED_BUT_LIQUIDITY_CONSTRAINED,LP_HURDLE_NOT_ACHIEVED; HURDLE_REACHED_BUT_LIQUIDITY_CONSTRAINED; SLOW_TIME_HORIZON_DRIFT; GP_SURVIVABILITY_RISK; LP_STILL_BELOW_1X_CASH_MOIC_AT_END; LP_EXPERIENCE_WEAK_DESPITE_POSITIVE_NAV
lp_hurdle_sensitivity__fast_success_crypto_bull__hurdle_1_75x,Tests where the LP hurdle becomes economically balanced. | Crypto sleeve accelerates LP 2.0x outcome quickly; tests GP convexity and fairness optics. | LP hurdle reduced to 1.75x.,10000000.0,5,1.75,17500000.0,3142772.2068108814,0.31427722068108815,1.75,-0.28678221551607164,-0.28678221551607164,0.12941036811523454,,,False,,True,16307329.63155,148921.2594705,0.0,148921.2594705,0.0,0.01489212594705,148921.2594705,29784.251894099998,True,0,0,0,0,1,5,0,14357227.79318912,False,HURDLE_REACHED_BUT_LIQUIDITY_CONSTRAINED,LP_HURDLE_NOT_ACHIEVED; HURDLE_REACHED_BUT_LIQUIDITY_CONSTRAINED; SLOW_TIME_HORIZON_DRIFT; GP_SURVIVABILITY_RISK; LP_STILL_BELOW_1X_CASH_MOIC_AT_END; LP_EXPERIENCE_WEAK_DESPITE_POSITIVE_NAV
lp_hurdle_sensitivity__fast_success_crypto_bull__hurdle_2_00x,Tests where the LP hurdle becomes economically balanced. | Crypto sleeve accelerates LP 2.0x outcome quickly; tests GP convexity and fairness optics. | Baseline 2.00x LP hurdle.,10000000.0,5,2.0,20000000.0,3142772.2068108814,0.31427722068108815,1.945010183836088,-0.28678221551607164,-0.28678221551607164,0.15464814487868006,,,False,,False,16307329.63155,148921.2594705,0.0,148921.2594705,0.0,0.01489212594705,148921.2594705,29784.251894099998,True,0,0,0,0,1,5,0,16857227.79318912,False,LP_HURDLE_NOT_ACHIEVED,LP_HURDLE_NOT_ACHIEVED; SLOW_TIME_HORIZON_DRIFT; GP_SURVIVABILITY_RISK; LP_STILL_BELOW_1X_CASH_MOIC_AT_END; LP_EXPERIENCE_WEAK_DESPITE_POSITIVE_NAV
lp_hurdle_sensitivity__slow_grind__hurdle_1_50x,Tests where the LP hurdle becomes economically balanced. | Moderate real estate performance and weak crypto; LP eventually does okay but time horizon drifts. | LP hurdle reduced to 1.50x.,10000000.0,15,1.5,15000000.0,15000000.0,1.5,1.5,0.04042934791430919,0.04042934791430919,0.04042934791430919,,,True,15.0,True,8705133.786340982,440982.13136326516,8705133.786340982,9146115.917704247,0.8705133786340982,0.9146115917704247,132703.02408,26540.604816,True,0,0,0,0,1,14,0,0.0,True,LP_HURDLE_ACHIEVED,LP_HURDLE_ACHIEVED; HURDLE_REACHED_BUT_LIQUIDITY_CONSTRAINED; SLOW_TIME_HORIZON_DRIFT; GP_SURVIVABILITY_RISK; HF_MAJOR_DRAWDOWN
lp_hurdle_sensitivity__slow_grind__hurdle_1_75x,Tests where the LP hurdle becomes economically balanced. | Moderate real estate performance and weak crypto; LP eventually does okay but time horizon drifts. | LP hurdle reduced to 1.75x.,10000000.0,15,1.75,17500000.0,10243518.835276429,1.0243518835276428,1.75,0.0027915778157399096,0.0027915778157399096,0.053615750588934086,,,False,,True,13461614.951064553,440982.13136326516,0.0,440982.13136326516,0.0,0.04409821313632652,132703.02408,26540.604816,True,0,0,0,0,1,14,0,7256481.164723571,False,HURDLE_REACHED_BUT_LIQUIDITY_CONSTRAINED,LP_HURDLE_NOT_ACHIEVED; HURDLE_REACHED_BUT_LIQUIDITY_CONSTRAINED; SLOW_TIME_HORIZON_DRIFT; GP_SURVIVABILITY_RISK
lp_hurdle_sensitivity__slow_grind__hurdle_2_00x,Tests where the LP hurdle becomes economically balanced. | Moderate real estate performance and weak crypto; LP eventually does okay but time horizon drifts. | Baseline 2.00x LP hurdle.,10000000.0,15,2.0,20000000.0,10243518.835276429,1.0243518835276428,2.0,0.0027915778157399096,0.0027915778157399096,0.0645381231997888,,,False,,True,13461614.951064553,440982.13136326516,0.0,440982.13136326516,0.0,0.04409821313632652,132703.02408,26540.604816,True,0,0,0,0,1,14,0,9756481.164723571,False,HURDLE_REACHED_BUT_LIQUIDITY_CONSTRAINED,LP_HURDLE_NOT_ACHIEVED; HURDLE_REACHED_BUT_LIQUIDITY_CONSTRAINED; SLOW_TIME_HORIZON_DRIFT; GP_SURVIVABILITY_RISK
lp_hurdle_sensitivity__exceptional_dynasty_outcome__hurdle_1_50x,Tests where the LP hurdle becomes economically balanced. | Both sleeves perform strongly; LP receives excellent return and GP retains very large residual value. | LP hurdle reduced to 1.50x.,10000000.0,7,1.5,15000000.0,15000000.0,1.5,1.5,0.07403695290762968,0.07403695290762968,0.07403695290762968,,,True,7.0,True,12994213.186475664,295790.9313755136,12994213.186475664,13290004.117851177,1.2994213186475665,1.3290004117851177,194477.821824,38895.564364800004,True,0,0,0,0,1,6,0,0.0,True,LP_HURDLE_ACHIEVED,LP_HURDLE_ACHIEVED; HURDLE_REACHED_BUT_LIQUIDITY_CONSTRAINED; GP_SURVIVABILITY_RISK; HF_MAJOR_DRAWDOWN
lp_hurdle_sensitivity__exceptional_dynasty_outcome__hurdle_1_75x,Tests where the LP hurdle becomes economically balanced. | Both sleeves perform strongly; LP receives excellent return and GP retains very large residual value. | LP hurdle reduced to 1.75x.,10000000.0,8,1.75,17500000.0,17500000.0,1.75,1.75,0.09204641197590502,0.09204641197590502,0.09204641197590502,,,True,8.0,True,13701117.034189051,352604.2058855547,13701117.034189051,14053721.240074607,1.3701117034189052,1.4053721240074606,194477.821824,38895.564364800004,True,0,0,0,0,1,7,0,0.0,True,LP_HURDLE_ACHIEVED,LP_HURDLE_ACHIEVED; HURDLE_REACHED_BUT_LIQUIDITY_CONSTRAINED; SLOW_TIME_HORIZON_DRIFT; GP_SURVIVABILITY_RISK; HF_MAJOR_DRAWDOWN
lp_hurdle_sensitivity__exceptional_dynasty_outcome__hurdle_2_00x,Tests where the LP hurdle becomes economically balanced. | Both sleeves perform strongly; LP receives excellent return and GP retains very large residual value. | Baseline 2.00x LP hurdle.,10000000.0,9,2.0,20000000.0,20000000.0,2.0,2.0,0.10410616496000924,0.10410616496000924,0.10410616496000924,,,True,9.0,True,14734964.858591892,413962.5423563991,14734964.858591892,15148927.400948292,1.4734964858591892,1.514892740094829,194477.821824,38895.564364800004,True,0,0,0,0,1,8,0,0.0,True,LP_HURDLE_ACHIEVED,LP_HURDLE_ACHIEVED; HURDLE_REACHED_BUT_LIQUIDITY_CONSTRAINED; SLOW_TIME_HORIZON_DRIFT; GP_SURVIVABILITY_RISK; HF_MAJOR_DRAWDOWN
re_liquidity_sensitivity__base_hit_everyone_happy__re_liquidity_25,Tests whether LP redemption is mainly constrained by conservative RE liquidity assumptions. | LP reaches 2.0x in a reasonable period; GP retains meaningful residual assets. | 25% RE refi/sale capacity.,10000000.0,8,2.0,20000000.0,6165183.562664455,0.6165183562664455,2.0,-0.09078424270460261,-0.09078424270460261,0.10712155775795451,,,False,,True,14319748.112009628,281955.3235600343,0.0,281955.3235600343,0.0,0.028195532356003427,165739.470336,33147.8940672,True,0,0,0,0,1,8,0,13834816.437335545,False,HURDLE_REACHED_BUT_LIQUIDITY_CONSTRAINED,LP_HURDLE_NOT_ACHIEVED; HURDLE_REACHED_BUT_LIQUIDITY_CONSTRAINED; SLOW_TIME_HORIZON_DRIFT; GP_SURVIVABILITY_RISK; LP_STILL_BELOW_1X_CASH_MOIC_AT_END; LP_EXPERIENCE_WEAK_DESPITE_POSITIVE_NAV
re_liquidity_sensitivity__base_hit_everyone_happy__re_liquidity_40,Tests whether LP redemption is mainly constrained by conservative RE liquidity assumptions. | LP reaches 2.0x in a reasonable period; GP retains meaningful residual assets. | 40% RE refi/sale capacity.,10000000.0,8,2.0,20000000.0,6165183.562664455,0.6165183562664455,2.0,-0.09078424270460261,-0.09078424270460261,0.10712155775795451,,,False,,True,14319748.112009628,281955.3235600343,0.0,281955.3235600343,0.0,0.028195532356003427,165739.470336,33147.8940672,True,0,0,0,0,1,8,0,13834816.437335545,False,HURDLE_REACHED_BUT_LIQUIDITY_CONSTRAINED,LP_HURDLE_NOT_ACHIEVED; HURDLE_REACHED_BUT_LIQUIDITY_CONSTRAINED; SLOW_TIME_HORIZON_DRIFT; GP_SURVIVABILITY_RISK; LP_STILL_BELOW_1X_CASH_MOIC_AT_END; LP_EXPERIENCE_WEAK_DESPITE_POSITIVE_NAV
re_liquidity_sensitivity__base_hit_everyone_happy__re_liquidity_60,Tests whether LP redemption is mainly constrained by conservative RE liquidity assumptions. | LP reaches 2.0x in a reasonable period; GP retains meaningful residual assets. | 60% RE refi/sale capacity.,10000000.0,8,2.0,20000000.0,6165183.562664455,0.6165183562664455,2.0,-0.09078424270460261,-0.09078424270460261,0.10712155775795451,,,False,,True,14319748.112009628,281955.3235600343,0.0,281955.3235600343,0.0,0.028195532356003427,165739.470336,33147.8940672,True,0,0,0,0,1,8,0,13834816.437335545,False,HURDLE_REACHED_BUT_LIQUIDITY_CONSTRAINED,LP_HURDLE_NOT_ACHIEVED; HURDLE_REACHED_BUT_LIQUIDITY_CONSTRAINED; SLOW_TIME_HORIZON_DRIFT; GP_SURVIVABILITY_RISK; LP_STILL_BELOW_1X_CASH_MOIC_AT_END; LP_EXPERIENCE_WEAK_DESPITE_POSITIVE_NAV
re_liquidity_sensitivity__slow_grind__re_liquidity_25,Tests whether LP redemption is mainly constrained by conservative RE liquidity assumptions. | Moderate real estate performance and weak crypto; LP eventually does okay but time horizon drifts. | 25% RE refi/sale capacity.,10000000.0,15,2.0,20000000.0,10243518.835276429,1.0243518835276428,2.0,0.0027915778157399096,0.0027915778157399096,0.0645381231997888,,,False,,True,13461614.951064553,440982.13136326516,0.0,440982.13136326516,0.0,0.04409821313632652,132703.02408,26540.604816,True,0,0,0,0,1,14,0,9756481.164723571,False,HURDLE_REACHED_BUT_LIQUIDITY_CONSTRAINED,LP_HURDLE_NOT_ACHIEVED; HURDLE_REACHED_BUT_LIQUIDITY_CONSTRAINED; SLOW_TIME_HORIZON_DRIFT; GP_SURVIVABILITY_RISK
re_liquidity_sensitivity__slow_grind__re_liquidity_40,Tests whether LP redemption is mainly constrained by conservative RE liquidity assumptions. | Moderate real estate performance and weak crypto; LP eventually does okay but time horizon drifts. | 40% RE refi/sale capacity.,10000000.0,15,2.0,20000000.0,10243518.835276429,1.0243518835276428,2.0,0.0027915778157399096,0.0027915778157399096,0.0645381231997888,,,False,,True,13461614.951064553,440982.13136326516,0.0,440982.13136326516,0.0,0.04409821313632652,132703.02408,26540.604816,True,0,0,0,0,1,14,0,9756481.164723571,False,HURDLE_REACHED_BUT_LIQUIDITY_CONSTRAINED,LP_HURDLE_NOT_ACHIEVED; HURDLE_REACHED_BUT_LIQUIDITY_CONSTRAINED; SLOW_TIME_HORIZON_DRIFT; GP_SURVIVABILITY_RISK
re_liquidity_sensitivity__slow_grind__re_liquidity_60,Tests whether LP redemption is mainly constrained by conservative RE liquidity assumptions. | Moderate real estate performance and weak crypto; LP eventually does okay but time horizon drifts. | 60% RE refi/sale capacity.,10000000.0,15,2.0,20000000.0,10243518.835276429,1.0243518835276428,2.0,0.0027915778157399096,0.0027915778157399096,0.0645381231997888,,,False,,True,13461614.951064553,440982.13136326516,0.0,440982.13136326516,0.0,0.04409821313632652,132703.02408,26540.604816,True,0,0,0,0,1,14,0,9756481.164723571,False,HURDLE_REACHED_BUT_LIQUIDITY_CONSTRAINED,LP_HURDLE_NOT_ACHIEVED; HURDLE_REACHED_BUT_LIQUIDITY_CONSTRAINED; SLOW_TIME_HORIZON_DRIFT; GP_SURVIVABILITY_RISK
re_liquidity_sensitivity__liquidity_trap__re_liquidity_25,"Tests whether LP redemption is mainly constrained by conservative RE liquidity assumptions. | Economic hurdle is reached on NAV, but liquid resources are insufficient to redeem LPs. | 25% RE refi/sale capacity.",10000000.0,10,2.0,20000000.0,9191231.427807841,0.9191231427807841,2.0,-0.013190325573647632,-0.013190325573647632,0.0909773399274929,,,False,,True,18958353.09967409,387551.36531389016,0.0,387551.36531389016,0.0,0.03875513653138902,161308.2292305,32261.6458461,True,0,0,0,0,1,10,0,10808768.572192159,False,HURDLE_REACHED_BUT_LIQUIDITY_CONSTRAINED,LP_HURDLE_NOT_ACHIEVED; HURDLE_REACHED_BUT_LIQUIDITY_CONSTRAINED; SLOW_TIME_HORIZON_DRIFT; GP_SURVIVABILITY_RISK; LP_STILL_BELOW_1X_CASH_MOIC_AT_END; LP_EXPERIENCE_WEAK_DESPITE_POSITIVE_NAV
re_liquidity_sensitivity__liquidity_trap__re_liquidity_40,"Tests whether LP redemption is mainly constrained by conservative RE liquidity assumptions. | Economic hurdle is reached on NAV, but liquid resources are insufficient to redeem LPs. | 40% RE refi/sale capacity.",10000000.0,10,2.0,20000000.0,9191231.427807841,0.9191231427807841,2.0,-0.013190325573647632,-0.013190325573647632,0.0909773399274929,,,False,,True,18958353.09967409,387551.36531389016,0.0,387551.36531389016,0.0,0.03875513653138902,161308.2292305,32261.6458461,True,0,0,0,0,1,10,0,10808768.572192159,False,HURDLE_REACHED_BUT_LIQUIDITY_CONSTRAINED,LP_HURDLE_NOT_ACHIEVED; HURDLE_REACHED_BUT_LIQUIDITY_CONSTRAINED; SLOW_TIME_HORIZON_DRIFT; GP_SURVIVABILITY_RISK; LP_STILL_BELOW_1X_CASH_MOIC_AT_END; LP_EXPERIENCE_WEAK_DESPITE_POSITIVE_NAV
re_liquidity_sensitivity__liquidity_trap__re_liquidity_60,"Tests whether LP redemption is mainly constrained by conservative RE liquidity assumptions. | Economic hurdle is reached on NAV, but liquid resources are insufficient to redeem LPs. | 60% RE refi/sale capacity.",10000000.0,10,2.0,20000000.0,20000000.0,2.0,2.0,0.0909773399274929,0.0909773399274929,0.0909773399274929,,,True,10.0,True,8149584.527481934,387551.36531389016,8149584.527481934,8537135.892795824,0.8149584527481935,0.8537135892795823,161308.2292305,32261.6458461,True,0,0,0,0,1,9,0,0.0,True,LP_HURDLE_ACHIEVED,LP_HURDLE_ACHIEVED; HURDLE_REACHED_BUT_LIQUIDITY_CONSTRAINED; SLOW_TIME_HORIZON_DRIFT; GP_SURVIVABILITY_RISK; HF_MAJOR_DRAWDOWN
re_liquidity_sensitivity__exceptional_dynasty_outcome__re_liquidity_25,Tests whether LP redemption is mainly constrained by conservative RE liquidity assumptions. | Both sleeves perform strongly; LP receives excellent return and GP retains very large residual value. | 25% RE refi/sale capacity.,10000000.0,9,2.0,20000000.0,20000000.0,2.0,2.0,0.10410616496000924,0.10410616496000924,0.10410616496000924,,,True,9.0,True,14734964.858591892,413962.5423563991,14734964.858591892,15148927.400948292,1.4734964858591892,1.514892740094829,194477.821824,38895.564364800004,True,0,0,0,0,1,8,0,0.0,True,LP_HURDLE_ACHIEVED,LP_HURDLE_ACHIEVED; HURDLE_REACHED_BUT_LIQUIDITY_CONSTRAINED; SLOW_TIME_HORIZON_DRIFT; GP_SURVIVABILITY_RISK; HF_MAJOR_DRAWDOWN
re_liquidity_sensitivity__exceptional_dynasty_outcome__re_liquidity_40,Tests whether LP redemption is mainly constrained by conservative RE liquidity assumptions. | Both sleeves perform strongly; LP receives excellent return and GP retains very large residual value. | 40% RE refi/sale capacity.,10000000.0,8,2.0,20000000.0,20000000.0,2.0,2.0,0.11251101233131888,0.11251101233131888,0.11251101233131888,,,True,8.0,True,11201117.034189051,352604.2058855547,11201117.034189051,11553721.240074607,1.1201117034189052,1.1553721240074606,194477.821824,38895.564364800004,True,0,0,0,0,1,7,0,0.0,True,LP_HURDLE_ACHIEVED,LP_HURDLE_ACHIEVED; HURDLE_REACHED_BUT_LIQUIDITY_CONSTRAINED; SLOW_TIME_HORIZON_DRIFT; GP_SURVIVABILITY_RISK; HF_MAJOR_DRAWDOWN
re_liquidity_sensitivity__exceptional_dynasty_outcome__re_liquidity_60,Tests whether LP redemption is mainly constrained by conservative RE liquidity assumptions. | Both sleeves perform strongly; LP receives excellent return and GP retains very large residual value. | 60% RE refi/sale capacity.,10000000.0,7,2.0,20000000.0,20000000.0,2.0,2.0,0.1242526902682295,0.1242526902682295,0.1242526902682295,,,True,7.0,True,7994213.186475663,295790.9313755136,7994213.186475663,8290004.117851177,0.7994213186475664,0.8290004117851177,194477.821824,38895.564364800004,True,0,0,0,0,1,6,0,0.0,True,LP_HURDLE_ACHIEVED,LP_HURDLE_ACHIEVED; HURDLE_REACHED_BUT_LIQUIDITY_CONSTRAINED; GP_SURVIVABILITY_RISK; HF_MAJOR_DRAWDOWN
twenty_year_horizon__base_hit_everyone_happy__years_20,"Tests whether LP eventually wins with more time or remains structurally trapped. | LP reaches 2.0x in a reasonable period; GP retains meaningful residual assets. | Extend horizon to 20 years, repeating each scenario's final HF return.",10000000.0,14,2.0,20000000.0,20000000.0,2.0,2.0,0.07420096554058708,0.07420096554058708,0.07420096554058708,,,True,14.0,True,11736595.63097655,559732.4824161447,11736595.63097655,12296328.113392696,1.173659563097655,1.2296328113392696,165739.470336,33147.8940672,True,0,0,0,0,1,11,0,0.0,True,LP_HURDLE_ACHIEVED,LP_HURDLE_ACHIEVED; HURDLE_REACHED_BUT_LIQUIDITY_CONSTRAINED; SLOW_TIME_HORIZON_DRIFT; GP_SURVIVABILITY_RISK; HF_MAJOR_DRAWDOWN
twenty_year_horizon__slow_grind__years_20,"Tests whether LP eventually wins with more time or remains structurally trapped. | Moderate real estate performance and weak crypto; LP eventually does okay but time horizon drifts. | Extend horizon to 20 years, repeating each scenario's final HF return.",10000000.0,20,2.0,20000000.0,20000000.0,2.0,2.0,0.056327554073770436,0.056327554073770436,0.056327554073770436,,,True,20.0,True,9947853.527832817,619582.9298724016,9947853.527832817,10567436.457705218,0.9947853527832817,1.056743645770522,132703.02408,26540.604816,True,0,0,0,0,1,14,0,0.0,True,LP_HURDLE_ACHIEVED,LP_HURDLE_ACHIEVED; HURDLE_REACHED_BUT_LIQUIDITY_CONSTRAINED; SLOW_TIME_HORIZON_DRIFT; GP_SURVIVABILITY_RISK; HF_MAJOR_DRAWDOWN
twenty_year_horizon__hedge_fund_failure_re_survival__years_20,"Tests whether LP eventually wins with more time or remains structurally trapped. | Hedge fund sleeve suffers major impairment, while real estate survives and cash-flows. | Extend horizon to 20 years, repeating each scenario's final HF return.",10000000.0,18,2.0,20000000.0,20000000.0,2.0,2.0,0.06505502561833132,0.06505502561833132,0.06505502561833132,,,True,18.0,True,10786927.416137142,627937.0812666987,10786927.416137142,11414864.497403841,1.0786927416137142,1.141486449740384,147440.01486328125,29488.00297265625,True,0,0,0,0,1,12,0,0.0,True,LP_HURDLE_ACHIEVED,LP_HURDLE_ACHIEVED; HURDLE_REACHED_BUT_LIQUIDITY_CONSTRAINED; SLOW_TIME_HORIZON_DRIFT; GP_SURVIVABILITY_RISK; HF_MAJOR_DRAWDOWN
twenty_year_horizon__failure_never_reaches_hurdle__years_20,"Tests whether LP eventually wins with more time or remains structurally trapped. | Both sleeves disappoint; LP never reaches 2.0x. | Extend horizon to 20 years, repeating each scenario's final HF return.",10000000.0,20,2.0,20000000.0,6593589.789604268,0.6593589789604268,1.4662384913755067,-0.03781001460064848,-0.03781001460064848,0.025743343634201832,,,False,,False,8068795.124150798,371469.8473016491,0.0,371469.8473016491,0.0,0.03714698473016491,99980.29820399999,19996.0596408,True,0,0,0,0,1,20,1,13406410.210395731,False,LP_HURDLE_NOT_ACHIEVED,LP_HURDLE_NOT_ACHIEVED; SLOW_TIME_HORIZON_DRIFT; GP_SURVIVABILITY_RISK; HF_MAJOR_DRAWDOWN; LP_STILL_BELOW_1X_CASH_MOIC_AT_END; LP_EXPERIENCE_WEAK_DESPITE_POSITIVE_NAV
